name,id
Nonjosh,81612777584
Nonjoshii,81612779875
Mvppiker,81612799899
Nonjoshiv,81612840713
Zenrar,81612780583
Zenser,81612795666
Zertiar,81612777720
Zevkar,81613135800
Magiz,111670661572
Garei,81612811713
Tareos,81612782737
Karc,81612777715
Warkon,81612801618
Kayos,111670702832
Feldspars,81612796054
Waven,81608349902
Nekami,81612777713
Nekamisama,81612796057
Amiken,111670420969
Kenami,111671347683
Fatslayer,81612780586
Fateslayer,111670193026
Nameisfree,81612840693
Temor,111671727098
Hako,111678077704
Okah,111671237122
Zner,111672061714
Znery,180388777114
Zneri,180388801443
Znerii,180388818353
Zneriii,180388822764
Zneriv,180388831263
Renz,111670322311
Keviamin,111670413405
Ctenmiir,111671471817
Graceella,111670708744
Castra,111672875879
Orbbizzz-1,231929725166
